date,song,artist,genre,year,key,key_clean,key_num
2022-04-12,君に届け,flumpool,J-POP,2010,0,0,0
2022-04-12,雪の華,中島美嘉,J-POP,2003,-7,-7,-7
2022-04-12,炎,LiSA,アニメソング,2020,-5,-5,-5
2022-04-12,home,クリス・ハート,J-POP,2013,0,0,0
2022-04-12,桜,コブクロ,J-POP,2005,0,0,0
2022-04-12,猫,DISH//,J-POP,2017,0,0,0
2022-04-12,そばにいるね,青山テルマ,J-POP,2008,0,0,0
2022-04-12,会いたくて 会いたくて,西野カナ,J-POP,2010,0,0,0
2022-04-12,Imitation Rain,SixSTONES,男性アイドル,2020,0,0,0
2022-04-12,truth,嵐,男性アイドル,2008,0,0,0
2022-04-12,高嶺の花子さん,back number,J-POP,2013,0,0,0
2022-04-12,マリーゴールド,あいみょん,J-POP,2018,0,0,0
2022-04-12,unravel,凛として時雨,アニメソング,2014,0,0,0
2022-04-12,さよならエレジー,菅田将暉,J-POP,2013,0,0,0
2022-04-12,残響散歌,Aimer,アニメソング,2022,0,0,0
2022-04-12,チョコレートメランコリー,≠ME,女性アイドル,2022,0,0,0
2022-04-12,ヒアルロンリーガール,ZOC,女性アイドル,2020,0,0,0
2022-04-12,初恋サイダー,Buono!（鈴木愛理）,女性アイドル,2012,0,0,0
2022-04-12,RIVER,AKB48,女性アイドル,2009,0,0,0
2022-04-12,さらば愛しき悲しみたちよ,ももいろクローバーZ,女性アイドル,2012,0,0,0
2022-04-12,ナギイチ,NMB48,女性アイドル,2012,0,0,0
2022-04-12,大声ダイヤモンド,AKB48,女性アイドル,2008,0,0,0
2022-04-12,私を創るのは私,アンジュルム,女性アイドル,2019,0,0,0
2022-04-12,インフルエンサー,乃木坂46,女性アイドル,2017,0,0,0
2022-04-12,Monster,嵐,男性アイドル,2010,0,0,0
2022-04-12,竈門炭治郎のうた,椎名豪 featuring 中川奈美,アニメソング,2019,0,0,0
2022-04-12,I WISH,モーニング娘。,女性アイドル,2000,0,0,0
2022-04-12,遥か,GReeeeN,J-POP,2009,0,0,0
2022-04-12,only my railgun,fripSide,アニメソング,2009,0,0,0
2022-04-12,天ノ弱,164 feat. GUMI,ボーカロイド,2011,0,0,0
2022-04-12,ロストワンの号哭,Neru feat. 鏡音リン,ボーカロイド,2013,0,0,0
2022-04-12,吉原ラメント,亜沙,ボーカロイド,2014,0,0,0
2022-04-12,真夜中のシャドーボーイ,Hey! Say! JUMP,男性アイドル,2008,0,0,0
2022-04-12,いのちの歌,竹内まりや,J-POP,2012,0,0,0
2022-04-12,ありがとうForever...,西内まりや,J-POP,2015,0,0,0
2022-04-12,トイレの神様,植村花菜,J-POP,2010,0,0,0
2022-04-12,旅立つ日～完全版,JULEPS,J-POP,2007,0,0,0
2022-04-12,千の風になって,秋川雅史,J-POP,2006,0,0,0
2022-04-12,I LOVE...,Official髭男dism,J-POP,2020,0,0,0
2022-04-12,HANABI,Mr.Children,J-POP,2008,0,0,0
2022-04-12,C.O.S.M.O.S. 〜秋桜〜,三代目 J Soul Brothers from EXILE TRIBE,男性アイドル,2014,0,0,0
2022-04-12,君の知らない物語,supercell,アニメソング,2009,0,0,0
2022-04-12,猛烈宇宙交響曲・第七楽章「無限の愛」,ももいろクローバーZ,女性アイドル,2012,0,0,0
2022-04-12,群青,YOASOBI,J-POP,2020,0,0,0
2022-04-12,あたしの残りぜんぶあげる,まねきケチャ,女性アイドル,2018,0,0,0
2022-04-12,制服のマネキン,乃木坂46,女性アイドル,2012,0,0,0
2022-04-12,愛の導火線,DISH//,J-POP,2016,0,0,0
2022-04-19,虹色の戦争,SEKAI NO OWARI,J-POP,2010,0,0,0
2022-04-19,猫,DISH//,J-POP,2017,0,0,0
2022-04-19,さよならの前に,AAA,J-POP,2014,0,0,0
2022-04-19,Real Face,KAT-TUN,男性アイドル,2006,0,0,0
2022-04-19,瞳を閉じて,平井堅,J-POP,2004,0,0,0
2022-04-19,Imitation Rain,SixSTONES,男性アイドル,2020,0,0,0
2022-04-19,Lemon,米津玄師,J-POP,2018,0,0,0
2022-04-19,RAIN,SEKAI NO OWARI,J-POP,2017,0,0,0
2022-04-19,マリーゴールド,あいみょん,J-POP,2018,0,0,0
2022-04-19,世界に一つだけの花,SMAP,J-POP,2003,0,0,0
2022-04-19,勇気100%,光GENJI,男性アイドル,1993,0,0,0
2022-04-19,I LOVE...,Official髭男dism,J-POP,2020,0,0,0
2022-04-19,月光花,Janne Da Arc,J-POP,2005,0,0,0
2022-04-19,さよならエレジー,菅田将暉,J-POP,2013,0,0,0
2022-04-19,home,クリス・ハート,J-POP,2013,0,0,0
2022-04-19,千の夜をこえて,Aqua Timez,J-POP,2006,0,0,0
2022-04-19,有心論,RADWIMPS,J-POP,2006,0,0,0
2022-04-19,Only Human,K,J-POP,2005,0,0,0
2022-04-19,残響散歌,Aimer,アニメソング,2022,0,0,0
2022-04-19,プロローグ,Uru,J-POP,2018,-7,-7,-7
2022-04-19,プロミスザスター,BiSH,J-POP,2017,0,0,0
2022-04-19,運命のヒト,EXILE,男性アイドル,2004,0,0,0
2022-04-19,C.O.S.M.O.S. 〜秋桜〜,三代目 J Soul Brothers from EXILE TRIBE,男性アイドル,2014,0,0,0
2022-04-19,道,EXILE,男性アイドル,2007,0,0,0
2022-04-19,Moon Crying,倖田來未,J-POP,2008,0,0,0
2022-04-19,炎,LiSA,アニメソング,2020,-5,-5,-5
2022-04-19,竈門炭治郎のうた,椎名豪 featuring 中川奈美,アニメソング,2019,0,0,0
2022-04-19,紅蓮の弓矢,Linked Horizon,アニメソング,2013,0,0,0
2022-04-19,unravel,凛として時雨,アニメソング,2014,0,0,0
2022-04-19,only my railgun,fripSide,アニメソング,2009,0,0,0
2022-04-19,Prisoner Of Love,宇多田ヒカル,J-POP,2008,0,0,0
2022-04-19,雪の華,中島美嘉,J-POP,2003,-7,-7,-7
2022-04-19,僕のこと,Mrs. GREEN APPLE,J-POP,2019,0,0,0
2022-04-19,三回目のデート神話,つばきファクトリー,女性アイドル,2019,0,0,0
2022-04-19,「ひとりで生きられそう」って それってねえ、褒めているの？,Juice=Juice,女性アイドル,2019,0,0,0
2022-04-19,てもでもの涙,AKB48,女性アイドル,2013,0,0,0
2022-04-19,ふいに,板野友美,女性アイドル,2011,0,0,0
2022-04-19,Imitation Rain,SixSTONES,男性アイドル,2020,0,0,0
2022-04-19,truth,嵐,男性アイドル,2008,0,0,0
2022-04-19,真夜中のシャドーボーイ,Hey! Say! JUMP,男性アイドル,2008,0,0,0
2022-04-19,magnet,Minato,ボーカロイド,2009,0,0,0
2022-04-19,甲賀忍法帖,陰陽座,アニメソング,2005,0,0,0
2022-04-19,YUME日和,島谷ひとみ,J-POP,2003,0,0,0
2022-04-19,竈門炭治郎のうた,椎名豪 featuring 中川奈美,アニメソング,2019,0,0,0
2022-05-08,猫,DISH//,J-POP,2017,0,0,0
2022-05-08,さよならの前に,AAA,J-POP,2014,0,0,0
2022-05-08,眠り姫,SEKAI NO OWARI,J-POP,2012,0,0,0
2022-05-08,炎,LiSA,アニメソング,2020,-5,-5,-5
2022-05-08,明け星,LiSA,アニメソング,2021,0,0,0
2022-05-08,Imitation Rain,SixSTONES,男性アイドル,2020,0,0,0
2022-05-08,truth,嵐,男性アイドル,2008,0,0,0
2022-05-08,Monster,嵐,男性アイドル,2010,0,0,0
2022-05-08,君に届け,flumpool,J-POP,2010,0,0,0
2022-05-08,心做し,蝶々P,ボーカロイド,2019,0,0,0
2022-05-08,残響散歌,Aimer,アニメソング,2022,0,0,0
2022-05-08,紅蓮の弓矢,Linked Horizon,アニメソング,2013,0,0,0
2022-05-08,unravel,凛として時雨,アニメソング,2014,0,0,0
2022-05-08,only my railgun,fripSide,アニメソング,2009,0,0,0
2022-05-08,君の知らない物語,supercell,アニメソング,2009,0,0,0
2022-05-08,We Will 〜あの場所で〜,EXILE,男性アイドル,2003,0,0,0
2022-05-08,旅立つ日～完全版,JULEPS,J-POP,2007,0,0,0
2022-05-08,さよならエレジー,菅田将暉,J-POP,2013,0,0,0
2022-05-08,もっと…,西野カナ,J-POP,2010,0,0,0
2022-05-08,君に会いたくなるから,西野カナ,J-POP,2009,0,0,0
2022-05-08,好きだよ。～100回の後悔～,Sonar Pocket,J-POP,2011,0,0,0
2022-05-08,遥か,GReeeeN,J-POP,2009,0,0,0
2022-05-08,i hate u,ISSA×SoulJa＋ROLA,J-POP,2011,0,0,0
2022-05-08,千の夜をこえて,Aqua Timez,J-POP,2006,0,0,0
2022-05-08,LIP,KAT-TUN,男性アイドル,2008,0,0,0
2022-05-08,そばにいるね,青山テルマ,J-POP,2008,0,0,0
2022-05-08,絆,亀梨和也,J-POP,2005,0,0,0
2022-05-08,イエス,Acid Black Cherry,J-POP,2012,0,0,0
2022-05-08,愛してない,Acid Black Cherry,J-POP,2007,0,0,0
2022-05-08,ヴァンパイア,Janne Da Arc,J-POP,2003,0,0,0
2022-05-08,Moon Crying,倖田來未,J-POP,2008,0,0,0
2022-05-08,花,ORANGE RANGE,J-POP,2004,0,0,0
2022-05-08,イケナイ太陽,ORANGE RANGE,J-POP,2007,0,0,0
2022-05-08,お手を拝借!もういっちょ!,下田美咲,J-POP,2013,0,0,0
2022-05-08,点描の唄,Mrs. GREEN APPLE,J-POP,2018,0,0,0
2022-05-08,吉原ラメント,亜沙,ボーカロイド,2014,0,0,0
2022-05-08,東京,JUJU,J-POP,2018,-4,-4,-4
2022-05-08,It's all too much,YUI,J-POP,2009,0,0,0
2022-05-08,Rolling star,YUI,J-POP,2007,0,0,0
2022-05-08,愛のかたまり,KinKi Kids,男性アイドル,2001,1,1,1
2022-05-08,home,クリス・ハート,J-POP,2013,0,0,0
2022-05-08,青いベンチ,サスケ,J-POP,2005,0,0,0
2022-05-08,愛の導火線,DISH//,J-POP,2016,0,0,0
2022-05-08,インフルエンサー,乃木坂46,女性アイドル,2017,0,0,0
2022-05-08,私が言う前に抱きしめなきゃね,Juice=Juice,女性アイドル,2013,0,0,0
2022-05-08,サイレントマジョリティー,欅坂46,女性アイドル,2016,0,0,0
2022-05-08,私を創るのは私,アンジュルム,女性アイドル,2019,0,0,0
2022-05-08,行くぜっ!怪盗少女,ももいろクローバーZ,女性アイドル,2010,0,0,0
2022-05-08,プロミスザスター,BiSH,J-POP,2017,0,0,0
2022-05-08,あたしの残りぜんぶあげる,まねきケチャ,女性アイドル,2018,0,0,0
2022-05-08,Everyday、カチューシャ,AKB48,女性アイドル,2011,0,0,0
2022-05-08,UZA,AKB48,女性アイドル,2012,0,0,0
2022-05-08,ふいに,板野友美,女性アイドル,2011,0,0,0
2022-05-08,Answer,ノースリーブス,女性アイドル,2011,0,0,0
2022-05-08,制服のマネキン,乃木坂46,女性アイドル,2012,0,0,0
2022-05-08,ナギイチ,NMB48,女性アイドル,2012,0,0,0
2022-05-08,マジジョテッペンブルース,AKB48,女性アイドル,2010,0,0,0
2022-05-08,パレオはエメラルド,SKE48,女性アイドル,2011,0,0,0
2022-05-08,真夜中のシャドーボーイ,Hey! Say! JUMP,男性アイドル,2008,0,0,0
2022-05-08,Luv Sick,Kis-My-Ft2,男性アイドル,2013,0,0,0
2022-05-08,さよならの前に,AAA,J-POP,2014,0,0,0
2022-05-08,白日,King Gnu,J-POP,2019,0,0,0
2022-05-08,Imitation Rain,SixSTONES,男性アイドル,2020,0,0,0
2022-05-08,竈門炭治郎のうた,椎名豪 featuring 中川奈美,アニメソング,2019,0,0,0
2022-05-08,残響散歌,Aimer,アニメソング,2022,0,0,0
2022-05-08,シンデレラガール,King & Prince,男性アイドル,2018,0,0,0
2022-05-08,明日の記憶,嵐,男性アイドル,2009,0,0,0
2022-05-08,LIFE,中島美嘉,J-POP,2007,0,0,0
2022-05-08,I LOVE...,Official髭男dism,J-POP,2020,0,0,0
2022-05-08,イエス,Acid Black Cherry,J-POP,2012,0,0,0
2022-05-08,RAIN,SEKAI NO OWARI,J-POP,2017,0,0,0
2022-05-08,RPG,SEKAI NO OWARI,J-POP,2013,0,0,0
2022-05-08,世界に一つだけの花,SMAP,J-POP,2003,0,0,0
2022-05-08,you,癒月,アニメソング,2006,0,0,0
2022-05-08,恋のつぼみ,倖田來未,J-POP,2006,0,0,0
2022-05-08,Mirrorcle World,浜崎あゆみ,J-POP,2008,0,0,0
2022-05-08,SEASONS,浜崎あゆみ,J-POP,2000,0,0,0
2022-05-08,Destiny-太陽の花-,島谷ひとみ,アニメソング,2006,0,0,0
2022-05-08,ロストワンの号哭,Neru feat. 鏡音リン,ボーカロイド,2013,0,0,0
2022-05-08,天ノ弱,164 feat. GUMI,ボーカロイド,2011,0,0,0
2022-05-08,東京テディベア,Neru,ボーカロイド,2015,0,0,0
2022-05-08,再教育,Neru,ボーカロイド,2012,0,0,0
2022-05-08,トイレの神様,植村花菜,J-POP,2010,0,0,0
2022-05-08,Only Human,K,J-POP,2005,0,0,0
2022-05-08,ありがとうForever...,西内まりや,J-POP,2015,0,0,0
2022-05-08,HANABI,Mr.Children,J-POP,2008,0,0,0
2022-05-08,ラピスラズリ,藍井エイル,アニメソング,2015,0,0,0
2022-05-08,紅蓮の弓矢,Linked Horizon,アニメソング,2013,0,0,0
2022-05-08,ひぐらしのなく頃に,島みやえい子,アニメソング,2006,0,0,0
2022-05-08,チョコレートメランコリー,≠ME,女性アイドル,2022,0,0,0
2022-05-08,スカート、ひらり,AKB48,女性アイドル,2006,0,0,0
2022-05-08,軽蔑していた愛情,AKB48,女性アイドル,2007,0,0,0
2022-05-08,CRY FOR ME -Japanese ver.-,TWICE,K-POP,2022,0,0,0
2022-06-29,One Love,嵐,男性アイドル,2008,0,0,0
2022-06-29,シンデレラガール,King & Prince,男性アイドル,2018,0,0,0
2022-06-29,アイノカタチ,MISIA,J-POP,2018,0,0,0
2022-06-29,I LOVE...,Official髭男dism,J-POP,2020,0,0,0
2022-06-29,さよならエレジー,菅田将暉,J-POP,2013,0,0,0
2022-06-29,炎,LiSA,アニメソング,2020,-5,-5,-5
2022-06-29,竈門炭治郎のうた,椎名豪 featuring 中川奈美,アニメソング,2019,0,0,0
2022-06-29,ドライフラワー,優里,J-POP,2020,0,0,0
2022-06-29,truth,嵐,男性アイドル,2008,0,0,0
2022-06-29,Monster,嵐,男性アイドル,2010,0,0,0
2022-06-29,君に届け,flumpool,J-POP,2010,0,0,0
2022-06-29,サイレントマジョリティー,欅坂46,女性アイドル,2016,0,0,0
2022-06-29,桃太郎,水曜日のカンパネラ,J-POP,2015,0,0,0
2022-06-29,吉原ラメント,亜沙,ボーカロイド,2014,0,0,0
2022-06-29,インフルエンサー,乃木坂46,女性アイドル,2017,0,0,0
2022-06-29,会いたくて 会いたくて,西野カナ,J-POP,2010,0,0,0
2022-06-29,ポニーテールとシュシュ,AKB48,女性アイドル,2010,0,0,0
2022-06-29,only my railgun,fripSide,アニメソング,2009,0,0,0
2022-06-29,Imitation Rain,SixSTONES,男性アイドル,2020,0,0,0
2022-06-29,雪の華,中島美嘉,J-POP,2003,-7,-7,-7
2022-06-29,世界に一つだけの花,SMAP,J-POP,2003,0,0,0
2022-06-29,HANABI,Mr.Children,J-POP,2008,0,0,0
2022-06-29,猫,DISH//,J-POP,2017,0,0,0
2022-06-29,unravel,凛として時雨,アニメソング,2014,0,0,0
2022-06-29,Ultra Music Power,Hey! Say! JUMP,男性アイドル,2007,0,0,0
2022-06-29,千の夜をこえて,Aqua Timez,J-POP,2006,0,0,0
2022-06-29,君と空のあいだに,中島みゆき,J-POP,1994,0,0,0
2022-06-29,糸,中島みゆき,J-POP,2001,0,0,0
2022-06-29,愛のうた,倖田來未,J-POP,2007,0,0,0
2022-06-29,Moon Crying,倖田來未,J-POP,2008,0,0,0
2022-06-29,Cry Baby,Official髭男dism,J-POP,2021,0,0,0
2022-06-29,白日,King Gnu,J-POP,2019,0,0,0
2022-06-29,イケナイ太陽,ORANGE RANGE,J-POP,2007,0,0,0
2022-06-29,Lemon,米津玄師,J-POP,2018,0,0,0
2022-06-29,群青,YOASOBI,J-POP,2020,0,0,0
2022-06-29,サンタさん,ももいろクローバーZ,女性アイドル,2011,0,0,0
2022-06-29,好きだよ。～100回の後悔～,Sonar Pocket,J-POP,2011,0,0,0
2022-06-29,運命のヒト,EXILE,男性アイドル,2004,0,0,0
2022-06-29,月光花,Janne Da Arc,J-POP,2005,0,0,0
2022-06-29,ヴァンパイア,Janne Da Arc,J-POP,2003,0,0,0
2022-06-29,イエス,Acid Black Cherry,J-POP,2012,0,0,0
2022-06-29,愛してない,Acid Black Cherry,J-POP,2007,0,0,0
2022-06-29,ライオン,May'n / 中島愛,アニメソング,2008,0,0,0
2022-06-29,残響散歌,Aimer,アニメソング,2022,0,0,0
2022-06-29,プロローグ,Uru,J-POP,2018,-7,-7,-7
2022-06-29,C.O.S.M.O.S. 〜秋桜〜,三代目 J Soul Brothers from EXILE TRIBE,男性アイドル,2014,0,0,0
2022-06-29,The Answer,なにわ男子,男性アイドル,2022,0,0,0
2022-06-29,シンデレラガール,King & Prince,男性アイドル,2018,0,0,0
2022-06-29,空,GENERATIONS from EXILE TRIBE,男性アイドル,2017,0,0,0
2022-06-29,わがまま 気のまま 愛のジョーク,モーニング娘。,女性アイドル,2013,0,0,0
2022-06-29,三回目のデート神話,つばきファクトリー,女性アイドル,2019,0,0,0
2022-06-29,甲賀忍法帖,陰陽座,アニメソング,2005,0,0,0
2022-06-29,Answer,ノースリーブス,女性アイドル,2011,0,0,0
2022-06-29,負けない心,AAA,J-POP,2010,0,0,0
2022-06-29,うっせぇわ,Ado,J-POP,2020,0,0,0
2022-06-29,マリーゴールド,あいみょん,J-POP,2018,0,0,0
2022-06-29,そばにいるね,青山テルマ,J-POP,2008,0,0,0
2022-06-29,悲愴感,悲愴感,J-POP,2008,0,0,0
2022-06-29,陽は、また昇る,アラジン,J-POP,2008,0,0,0
2022-06-29,青春アミーゴ,修二と彰,男性アイドル,2005,0,0,0
2022-06-29,抱いてセニョリータ,山下智久,男性アイドル,2006,0,0,0
2022-06-29,お願い！セニョリータ,ORANGE RANGE,J-POP,2005,0,0,0
2022-06-29,squall,福山雅治,J-POP,1999,0,0,0
2022-06-29,君の知らない物語,supercell,アニメソング,2009,0,0,0
2022-06-29,R.I.P.,BUMP OF CHICKEN,J-POP,2009,0,0,0
2022-06-29,Never Ending World,SEKAI NO OWARI,J-POP,2011,0,0,0
2022-06-29,眠り姫,SEKAI NO OWARI,J-POP,2012,0,0,0
2022-06-29,トイレの神様,植村花菜,J-POP,2010,0,0,0
2022-06-29,旅立つ日～完全版,JULEPS,J-POP,2007,0,0,0
2022-06-29,東京,JUJU,J-POP,2018,-4,-4,-4
2022-06-29,東京,JUJU,J-POP,2018,-4,-4,-4
2022-06-29,君じゃない誰かなんて ~tejina~,DEEP,J-POP,2011,0,0,0
2022-06-29,Only Human,K,J-POP,2005,0,0,0
2022-07-24,千の夜をこえて,Aqua Timez,J-POP,2006,0,0,0
2022-07-24,眠り姫,SEKAI NO OWARI,J-POP,2012,0,0,0
2022-07-24,炎,LiSA,アニメソング,2020,-5,-5,-5
2022-07-24,真夏のSounds good！,AKB48,女性アイドル,2012,0,0,0
2022-07-24,制服のマネキン,乃木坂46,女性アイドル,2012,0,0,0
2022-07-24,青いベンチ,サスケ,J-POP,2005,0,0,0
2022-07-24,ブルーバード,いきものがかり,J-POP,2008,0,0,0
2022-07-24,さよならエレジー,菅田将暉,J-POP,2013,0,0,0
2022-07-24,Everyday、カチューシャ,AKB48,女性アイドル,2011,0,0,0
2022-07-24,もっと…,西野カナ,J-POP,2010,0,0,0
2022-07-24,One・Two・Three,モーニング娘。,女性アイドル,2012,0,0,0
2022-07-24,ギンガムチェック,AKB48,女性アイドル,2012,0,0,0
2022-07-24,10年桜,AKB48,女性アイドル,2009,0,0,0
2022-07-24,てもでもの涙,AKB48,女性アイドル,2013,0,0,0
2022-07-24,禁じられた2人,AKB48,女性アイドル,2007,0,0,0
2022-07-24,ムキダシで向き合って,モーニング娘。,女性アイドル,2016,0,0,0
2022-07-24,行くぜっ!怪盗少女,ももいろクローバーZ,女性アイドル,2010,0,0,0
2022-07-24,禁断のカルマ,私立恵比寿中学,女性アイドル,2013,0,0,0
2022-07-24,口移しのチョコレート,AKB48,女性アイドル,2013,0,0,0
2022-07-24,私が言う前に抱きしめなきゃね,Juice=Juice,女性アイドル,2013,0,0,0
2022-07-24,アゲアゲマネー ~おちんぎん大作戦~,LADYBABY,J-POP,2016,0,0,0
2022-07-24,MARIA,AKB48,女性アイドル,2007,0,0,0
2022-07-24,PUSH,ももいろクローバーZ,女性アイドル,2012,0,0,0
2022-07-24,チョコレートメランコリー,≠ME,女性アイドル,2022,0,0,0
2022-07-24,さらば愛しき悲しみたちよ,ももいろクローバーZ,女性アイドル,2012,0,0,0
2022-07-24,UZA,AKB48,女性アイドル,2012,0,0,0
2022-07-24,Dear J,板野友美,女性アイドル,2014,0,0,0
2022-07-24,会いたかった,AKB48,女性アイドル,2007,0,0,0
2022-07-24,インフルエンサー,乃木坂46,女性アイドル,2017,0,0,0
2022-07-24,あたしの残りぜんぶあげる,まねきケチャ,女性アイドル,2018,0,0,0
2022-07-24,猛烈宇宙交響曲・第七楽章「無限の愛」,ももいろクローバーZ,女性アイドル,2012,0,0,0
2022-07-24,Z伝説 〜終わりなき革命〜,ももいろクローバーZ,女性アイドル,2011,0,0,0
2022-07-24,Prisoner Of Love,宇多田ヒカル,J-POP,2008,0,0,0
2022-07-24,Imitation Rain,SixSTONES,男性アイドル,2020,0,0,0
2022-07-24,only my railgun,fripSide,アニメソング,2009,0,0,0
2022-07-24,世界に一つだけの花,SMAP,J-POP,2003,0,0,0
2022-07-24,夜に駆ける,YOASOBI,J-POP,2019,0,0,0
2022-07-24,RIVER,AKB48,女性アイドル,2009,0,0,0
2022-07-24,ナギイチ,NMB48,女性アイドル,2012,0,0,0
2022-07-24,欲望者,NMB48,女性アイドル,2018,0,0,0
2022-07-24,軽蔑していた愛情,AKB48,女性アイドル,2007,0,0,0
2022-07-24,会いたくて 会いたくて,西野カナ,J-POP,2010,0,0,0
2022-07-24,W/X/Y,Tani Yuuki,J-POP,2021,0,0,0
2022-07-24,素直になれたら,JUJU feat. Spontania,J-POP,2008,0,0,0
2022-07-24,ジャンピン,KARA,K-POP,2010,0,0,0
2022-07-24,ジェットコースターラブ,KARA,K-POP,2011,0,0,0
2022-07-24,かたちあるもの,柴咲コウ,J-POP,2004,0,0,0
2022-07-24,残響散歌,Aimer,アニメソング,2022,0,0,0
2022-07-24,夢の世界を,橋本祥路,合唱曲,2006,0,0,0
2022-07-24,カリブ夢の旅,橋本祥路,合唱曲,2008,0,0,0
2022-07-24,Smile Again,中山真理,合唱曲,2007,0,0,0
2022-07-24,街は光の中に,三浦真理,合唱曲,2004,0,0,0
2022-07-24,心の中にきらめいて,橋本祥路,合唱曲,2006,0,0,0
2022-07-24,Believe,杉本竜一,合唱曲,1998,0,0,0
2022-07-24,君をのせて,井上あずみ,J-POP,1984,0,0,0
2022-07-24,チグエソ地球の空の下で,ユ・ヘジュン,歌謡曲,2006,0,0,0
2022-07-24,君に贈る歌 ~Song For You,シェネル,J-POP,2015,0,0,0
2022-07-24,LEVEL5 -judgelight-,fripSide,アニメソング,2010,0,0,0
2022-07-24,ライオン,May'n / 中島愛,アニメソング,2008,0,0,0
2022-07-24,secret base〜君がくれたもの〜,ZONE,J-POP,2001,0,0,0
2022-07-24,ラバソー ~lover soul~,柴咲コウ,J-POP,2009,0,0,0
2022-07-24,いけないボーダーライン,ワルキューレ,アニメソング,2016,0,0,0
2022-07-24,好きで､好きで､好きで｡,倖田來未,J-POP,2010,0,0,0
2022-07-24,バンドワゴン,ラストアイドル,女性アイドル,2017,0,0,0
2022-07-24,チョコレートメランコリー,≠ME,女性アイドル,2022,0,0,0
2022-08-14,抱いてセニョリータ,山下智久,男性アイドル,2006,0,0,0
2022-08-14,虹色の戦争,SEKAI NO OWARI,J-POP,2010,0,0,0
2022-08-14,君に届け,flumpool,J-POP,2010,0,0,0
2022-08-14,マリーゴールド,あいみょん,J-POP,2018,0,0,0
2022-08-14,Imitation Rain,SixSTONES,男性アイドル,2020,0,0,0
2022-08-14,青春アミーゴ,修二と彰,男性アイドル,2005,0,0,0
2022-08-14,千の夜をこえて,Aqua Timez,J-POP,2006,0,0,0
2022-08-14,Believe,杉本竜一,合唱曲,1998,0,0,0
2022-08-14,竈門炭治郎のうた,椎名豪 featuring 中川奈美,アニメソング,2019,0,0,0
2022-08-14,さらば愛しき悲しみたちよ,ももいろクローバーZ,女性アイドル,2012,0,0,0
2022-08-14,猫,DISH//,J-POP,2017,0,0,0
2022-08-14,涙サプライズ,AKB48,女性アイドル,2009,0,0,0
2022-08-14,初恋サイダー,Buono!（鈴木愛理）,女性アイドル,2012,0,0,0
2022-08-14,三回目のデート神話,つばきファクトリー,女性アイドル,2019,0,0,0
2022-08-14,ラバソー ~lover soul~,柴咲コウ,J-POP,2009,0,0,0
2022-08-14,Love so sweet,嵐,男性アイドル,2007,0,0,0
2022-08-14,truth,嵐,男性アイドル,2008,0,0,0
2022-08-14,Troublemaker,嵐,男性アイドル,2010,0,0,0
2022-08-14,真夏のSounds good！,AKB48,女性アイドル,2012,0,0,0
2022-08-14,SUPER DELICATE,Hey! Say! JUMP,男性アイドル,2012,0,0,0
2022-08-14,どんなときも。,槇原敬之,J-POP,1991,-1,-1,-1
2022-08-14,orion,米津玄師,J-POP,2017,0,0,0
2022-08-14,禁じられた2人,AKB48,女性アイドル,2007,0,0,0
2022-08-14,サイレントマジョリティー,欅坂46,女性アイドル,2016,0,0,0
2022-08-14,Real Face,KAT-TUN,男性アイドル,2006,0,0,0
2022-08-14,遥か,GReeeeN,J-POP,2009,0,0,0
2022-08-14,会いたくて 会いたくて,西野カナ,J-POP,2010,0,0,0
2022-08-14,W/X/Y,Tani Yuuki,J-POP,2021,0,0,0
2022-08-14,ドライフラワー,優里,J-POP,2020,0,0,0
2022-08-14,YUME日和,島谷ひとみ,J-POP,2003,0,0,0
2022-08-14,HANABI,Mr.Children,J-POP,2008,0,0,0
2022-08-14,Cry Baby,Official髭男dism,J-POP,2021,0,0,0
2022-08-14,東京,JUJU,J-POP,2018,-4,-4,-4
2022-08-14,明け星,LiSA,アニメソング,2021,0,0,0
2022-08-14,炎,LiSA,アニメソング,2020,-5,-5,-5
2022-08-14,only my railgun,fripSide,アニメソング,2009,0,0,0
2022-08-14,絆,亀梨和也,J-POP,2005,0,0,0
2022-08-14,甲賀忍法帖,陰陽座,アニメソング,2005,0,0,0
2022-08-14,Believe,嵐,男性アイドル,2009,0,0,0
2022-08-14,チョコレートメランコリー,≠ME,女性アイドル,2022,0,0,0
2022-08-14,高嶺の花子さん,back number,J-POP,2013,0,0,0
2022-08-14,愛、チュセヨ,SDN48,女性アイドル,2011,0,0,0
2022-08-14,シャボン玉,モーニング娘。,女性アイドル,2003,0,0,0
2022-08-14,愛のかたまり,KinKi Kids,男性アイドル,2001,1,1,1
2022-08-14,禁断のカルマ,私立恵比寿中学,女性アイドル,2013,0,0,0
2022-08-14,蕾,コブクロ,J-POP,2007,0,0,0
2022-08-14,Lemon,米津玄師,J-POP,2018,0,0,0
2022-08-14,I LOVE YOU,クリス・ハート,J-POP,2014,0,0,0
2022-08-14,Prisoner Of Love,宇多田ヒカル,J-POP,2008,0,0,0
2022-08-14,FOREVER LOVE,清水翔太×加藤ミリヤ,J-POP,2010,0,0,0
2022-08-14,アイのシナリオ,CHiCO with HoneyWorks,J-POP,2015,0,0,0
2022-08-14,R.I.P.,BUMP OF CHICKEN,J-POP,2009,0,0,0
2022-08-14,街は光の中に,三浦真理,合唱曲,2004,0,0,0
2022-08-14,C.O.S.M.O.S. 〜秋桜〜,三代目 J Soul Brothers from EXILE TRIBE,男性アイドル,2014,0,0,0
2022-08-14,インフルエンサー,乃木坂46,女性アイドル,2017,0,0,0
2022-08-14,10年桜,AKB48,女性アイドル,2009,0,0,0
2022-08-14,マジジョテッペンブルース,AKB48,女性アイドル,2010,0,0,0
2022-08-14,チームB推し,AKB48,女性アイドル,2011,0,0,0
2022-08-14,アイシテラブル!,SKE48,女性アイドル,2012,0,0,0
2022-08-14,ナギイチ,NMB48,女性アイドル,2012,0,0,0
2022-08-14,RPG,SEKAI NO OWARI,J-POP,2013,0,0,0
2022-08-14,君の知らない物語,supercell,アニメソング,2009,0,0,0
2022-08-14,366日,HY,J-POP,2018,0,0,0
2022-08-14,君じゃない誰かなんて ~tejina~,DEEP,J-POP,2011,0,0,0
2022-08-14,トイレの神様,植村花菜,J-POP,2010,0,0,0
2022-08-14,旅立つ日～完全版,JULEPS,J-POP,2007,0,0,0
2022-08-14,home,クリス・ハート,J-POP,2013,0,0,0
2022-08-14,ありがとうForever...,西内まりや,J-POP,2015,0,0,0
2022-08-14,イケナイ太陽,ORANGE RANGE,J-POP,2007,0,0,0
2022-08-14,ラバソー ~lover soul~,柴咲コウ,J-POP,2009,0,0,0
2022-08-14,残響散歌,Aimer,アニメソング,2022,0,0,0
2022-08-14,竈門炭治郎のうた,椎名豪 featuring 中川奈美,アニメソング,2019,0,0,0
2022-08-25,One Love,嵐,男性アイドル,2008,0,0,0
2022-08-25,君に届け,flumpool,J-POP,2010,0,0,0
2022-08-25,私たち,西野カナ,J-POP,2012,0,0,0
2022-08-25,もっと…,西野カナ,J-POP,2010,0,0,0
2022-08-25,FANTASTIC BABY,BIG BANG,J-POP,2012,0,0,0
2022-08-25,ロマンスがありあまる,ゲスの極み乙女,J-POP,2015,0,0,0
2022-08-25,猫,DISH//,J-POP,2017,0,0,0
2022-08-25,桃太郎,水曜日のカンパネラ,J-POP,2015,0,0,0
2022-08-25,粉雪,レミオロメン,J-POP,2005,0,0,0
2022-08-25,側にいて,阿部真央,J-POP,2011,0,0,0
2022-08-25,青いベンチ,サスケ,J-POP,2005,0,0,0
2022-08-25,Over the rain～ひかりの橋,flumpool,J-POP,2008,0,0,0
2022-08-25,愛しのナポリタン,トリオ・ザ・シャキーン,J-POP,2007,0,0,0
2022-08-25,truth,嵐,男性アイドル,2008,0,0,0
2022-08-25,貴方解剖純愛歌～死ね～,あいみょん,J-POP,2015,0,0,0
2022-08-25,悲しきヘブン,℃-ute,女性アイドル,2014,0,0,0
2022-08-25,バンドワゴン,ラストアイドル,女性アイドル,2017,0,0,0
2022-08-25,ココ☆ナツ,ももいろクローバーZ,女性アイドル,2010,0,0,0
2022-08-25,Z伝説 〜終わりなき革命〜,ももいろクローバーZ,女性アイドル,2011,0,0,0
2022-08-25,さらば愛しき悲しみたちよ,ももいろクローバーZ,女性アイドル,2012,0,0,0
2022-08-25,猛烈宇宙交響曲・第七楽章「無限の愛」,ももいろクローバーZ,女性アイドル,2012,0,0,0
2022-08-25,インフルエンサー,乃木坂46,女性アイドル,2017,0,0,0
2022-08-25,Password is 0,モーニング娘。,女性アイドル,2014,0,0,0
2022-08-25,ジワるDAYS,AKB48,女性アイドル,2019,0,0,0
2022-08-25,Beginner,AKB48,女性アイドル,2010,0,0,0
2022-08-25,三回目のデート神話,つばきファクトリー,女性アイドル,2019,0,0,0
2022-08-25,初恋サイダー,Buono!（鈴木愛理）,女性アイドル,2012,0,0,0
2022-08-25,サンタさん,ももいろクローバーZ,女性アイドル,2011,0,0,0
2022-08-25,私を創るのは私,アンジュルム,女性アイドル,2019,0,0,0
2022-08-25,制服のマネキン,乃木坂46,女性アイドル,2012,0,0,0
2022-08-25,愛、チュセヨ,SDN48,女性アイドル,2011,0,0,0
2022-08-25,GAGAGA,SDN48,女性アイドル,2010,0,0,0
2022-08-25,希望的リフレイン,AKB48,女性アイドル,2014,0,0,0
2022-08-25,禁断のカルマ,私立恵比寿中学,女性アイドル,2013,0,0,0
2022-08-25,軽蔑していた愛情,AKB48,女性アイドル,2007,0,0,0
2022-08-25,Don't think. Feel!!!,アイドリング!!!,女性アイドル,2011,0,0,0
2022-08-25,好きよ、純情反抗期。,スマイレージ,女性アイドル,2012,0,0,0
2022-08-25,私が言う前に抱きしめなきゃね,Juice=Juice,女性アイドル,2013,0,0,0
2022-08-25,Give me 愛,モーニング娘。,女性アイドル,2011,0,0,0
2022-08-25,泣いちゃうかも,モーニング娘。,女性アイドル,2009,0,0,0
2022-08-25,気まぐれプリンセス,モーニング娘。,女性アイドル,2009,0,0,0
2022-08-25,女と男のララバイゲーム,モーニング娘。,女性アイドル,2010,0,0,0
2022-08-25,真夜中のシャドーボーイ,Hey! Say! JUMP,男性アイドル,2008,0,0,0
2022-08-25,If,フレンチ・キス,女性アイドル,2011,0,0,0
2022-08-25,純愛のクレッシェンド,AKB48,女性アイドル,2013,0,0,0
2022-08-25,ナギイチ,NMB48,女性アイドル,2012,0,0,0
2022-08-25,真夏のSounds good！,AKB48,女性アイドル,2012,0,0,0
2022-08-25,大声ダイヤモンド,AKB48,女性アイドル,2008,0,0,0
2022-08-25,Stargazer,増田有華,J-POP,2010,0,0,0
2022-08-25,いのちの名前,木村弓,J-POP,2001,0,0,0
2022-08-25,ラピスラズリ,藍井エイル,アニメソング,2015,0,0,0
2022-08-25,only my railgun,fripSide,アニメソング,2009,0,0,0
2022-08-25,LEVEL5 -judgelight-,fripSide,アニメソング,2010,0,0,0
2022-08-25,ひぐらしのなく頃に,島みやえい子,アニメソング,2006,0,0,0
2022-09-05,Love so sweet,嵐,男性アイドル,2007,0,0,0
2022-09-05,Lemon,米津玄師,J-POP,2018,0,0,0
2022-09-05,愛の導火線,DISH//,J-POP,2016,0,0,0
2022-09-05,猫,DISH//,J-POP,2017,0,0,0
2022-09-05,千の夜をこえて,Aqua Timez,J-POP,2006,0,0,0
2022-09-05,花になれ,flumpool,J-POP,2008,0,0,0
2022-09-05,さよならエレジー,菅田将暉,J-POP,2013,0,0,0
2022-09-05,squall,福山雅治,J-POP,1999,0,0,0
2022-09-05,ちっぽけな勇気,FUNKY MONKEY BΛBY’S,J-POP,2007,0,0,0
2022-09-05,天使と悪夢,SEKAI NO OWARI,J-POP,2010,0,0,0
2022-09-05,恋愛ハンター,モーニング娘。,女性アイドル,2012,0,0,0
2022-09-05,SUPER DELICATE,Hey! Say! JUMP,男性アイドル,2012,0,0,0
2022-09-05,The Answer,なにわ男子,男性アイドル,2022,0,0,0
2022-09-05,プロローグ,Uru,J-POP,2018,-7,-7,-7
2022-09-05,もっと…,西野カナ,J-POP,2010,0,0,0
2022-09-05,いのちの名前,木村弓,J-POP,2001,0,0,0
2022-09-05,truth,嵐,男性アイドル,2008,0,0,0
2022-09-05,炎,LiSA,J-POP,2020,-5,-5,-5
2022-09-05,残響散歌,Aimer,アニメソング,2022,0,0,0
2022-09-05,Story,AI,J-POP,2005,0,0,0
2022-09-05,太陽の下,レミオロメン,J-POP,2005,0,0,0
2022-09-05,Cry Baby,Official髭男dism,J-POP,2021,0,0,0
2022-09-05,I LOVE...,Official髭男dism,J-POP,2020,0,0,0
2022-09-05,only my railgun,fripSide,アニメソング,2009,0,0,0
2022-09-28,青春アミーゴ,修二と彰,男性アイドル,2005,0,0,0
2022-09-28,紅蓮華,LiSA,アニメソング,2019,0,0,0
2022-09-28,紅蓮の弓矢,Linked Horizon,アニメソング,2013,0,0,0
2022-09-28,only my railgun,fripSide,アニメソング,2009,0,0,0
2022-09-28,君の知らない物語,supercell,アニメソング,2009,0,0,0
2022-09-28,ドライフラワー,優里,J-POP,2020,0,0,0
2022-09-28,you,癒月,アニメソング,2006,0,0,0
2022-09-28,甲賀忍法帖,陰陽座,アニメソング,2005,0,0,0
2022-09-28,Monster,嵐,男性アイドル,2010,0,0,0
2022-09-28,truth,嵐,男性アイドル,2008,0,0,0
2022-09-28,真夜中のシャドーボーイ,Hey! Say! JUMP,男性アイドル,2008,0,0,0
2022-09-28,Imitation Rain,SixSTONES,男性アイドル,2020,0,0,0
2022-09-28,The Answer,なにわ男子,男性アイドル,2022,0,0,0
2022-09-28,さらば愛しき悲しみたちよ,ももいろクローバーZ,女性アイドル,2012,0,0,0
2022-09-28,ライオン,May'n / 中島愛,アニメソング,2008,0,0,0
2022-09-28,手遅れcaution,＝LOVE,女性アイドル,2018,0,0,0
2022-09-28,Fantasyが始まる,モーニング娘。,女性アイドル,2010,0,0,0
2022-09-28,「ひとりで生きられそう」って それってねえ、褒めているの？,Juice=Juice,女性アイドル,2019,0,0,0
2022-09-28,猛烈宇宙交響曲・第七楽章「無限の愛」,ももいろクローバーZ,女性アイドル,2012,0,0,0
2022-09-28,希望的リフレイン,AKB48,女性アイドル,2014,0,0,0
2022-09-28,アンチ,AKB48,女性アイドル,2011,0,0,0
2022-09-28,目撃者,AKB48,女性アイドル,2010,0,0,0
2022-09-28,明け星,LiSA,アニメソング,2021,0,0,0
2022-09-28,LEVEL5 -judgelight-,fripSide,アニメソング,2010,0,0,0
2022-09-28,新時代,Ado,J-POP,2022,0,0,0
2022-09-28,umbrella,SEKAI NO OWARI,J-POP,2020,0,0,0
2022-09-28,Never Ending World,SEKAI NO OWARI,J-POP,2011,0,0,0
2022-09-28,あなたにありがとう,中山真理,合唱曲,2012,0,0,0
2022-09-28,もっと…,西野カナ,J-POP,2010,0,0,0
2022-11-20,眠り姫,SEKAI NO OWARI,J-POP,2012,0,0,0
2022-11-20,大きな古時計,平井堅,J-POP,2002,0,0,0
2022-11-20,シンデレラガール,King & Prince,男性アイドル,2018,0,0,0
2022-11-20,Love so sweet,嵐,男性アイドル,2007,0,0,0
2022-11-20,私以外私じゃないの,ゲスの極み乙女,J-POP,2015,0,0,0
2022-11-20,炎,LiSA,J-POP,2020,-5,-5,-5
2022-11-20,Only Human,K,J-POP,2005,0,0,0
2022-11-20,home,クリス・ハート,J-POP,2013,0,0,0
2022-11-20,さよならエレジー,菅田将暉,J-POP,2013,0,0,0
2022-11-20,YUME日和,島谷ひとみ,J-POP,2003,0,0,0
2022-11-20,君に届け,flumpool,J-POP,2010,0,0,0
2022-11-20,アイノカタチ,MISIA,J-POP,2018,0,0,0
2022-11-20,さよならの前に,AAA,J-POP,2014,0,0,0
2022-11-20,only my railgun,fripSide,アニメソング,2009,0,0,0
2022-11-20,紅蓮の弓矢,Linked Horizon,アニメソング,2013,0,0,0
2022-11-20,unravel,凛として時雨,アニメソング,2014,0,0,0
2022-11-20,SUPER DELICATE,Hey! Say! JUMP,男性アイドル,2012,0,0,0
2022-11-20,さらば愛しき悲しみたちよ,ももいろクローバーZ,女性アイドル,2012,0,0,0
2022-11-20,アイネクライネ,米津玄師,J-POP,2014,0,0,0
2022-11-20,インフルエンサー,乃木坂46,女性アイドル,2017,0,0,0
2022-11-20,真夜中のシャドーボーイ,Hey! Say! JUMP,男性アイドル,2008,0,0,0
2022-11-20,Imitation Rain,SixSTONES,男性アイドル,2020,0,0,0
2022-11-20,希望的リフレイン,AKB48,女性アイドル,2014,0,0,0
2022-11-20,We Will 〜あの場所で〜,EXILE,男性アイドル,2003,0,0,0
2022-11-20,プロミスザスター,BiSH,J-POP,2017,0,0,0
2022-11-20,If,フレンチ・キス,女性アイドル,2011,0,0,0
2022-11-20,希望山脈,渡り廊下走り隊,女性アイドル,2011,0,0,0
2022-11-20,猛烈宇宙交響曲・第七楽章「無限の愛」,ももいろクローバーZ,女性アイドル,2012,0,0,0
2022-11-20,君しか,ノースリーブス,女性アイドル,2010,0,0,0
2022-11-20,Kiss me 愛してる,℃-ute,女性アイドル,2011,0,0,0
2022-11-20,私が言う前に抱きしめなきゃね,Juice=Juice,女性アイドル,2013,0,0,0
2022-11-20,好きよ、純情反抗期。,スマイレージ,女性アイドル,2012,0,0,0
2022-11-20,ギンガムチェック,AKB48,女性アイドル,2012,0,0,0
2022-11-20,恋愛ハンター,モーニング娘。,女性アイドル,2012,0,0,0
2022-11-20,ハート型ウイルス,AKB48,女性アイドル,2011,0,0,0
2022-11-20,軽蔑していた愛情,AKB48,女性アイドル,2007,0,0,0
2022-11-20,ムキダシで向き合って,モーニング娘。,女性アイドル,2016,0,0,0
2022-11-20,Beginner,AKB48,女性アイドル,2010,0,0,0
2022-11-20,愛、チュセヨ,SDN48,女性アイドル,2011,0,0,0
2022-11-20,Fantasyが始まる,モーニング娘。,女性アイドル,2010,0,0,0
2022-11-20,Z女戦争,ももいろクローバーZ,女性アイドル,2012,0,0,0
2022-11-20,Z伝説 〜終わりなき革命〜,ももいろクローバーZ,女性アイドル,2011,0,0,0
2022-11-20,ウィーアー!,きただにひろし,アニメソング,1999,0,0,0
2022-11-20,会いたくて 会いたくて,西野カナ,J-POP,2010,0,0,0
2022-11-20,Never Ending World,SEKAI NO OWARI,J-POP,2011,0,0,0
2022-11-20,R.I.P.,BUMP OF CHICKEN,J-POP,2009,0,0,0
2022-11-20,銀の龍の背に乗って,中島みゆき,J-POP,2003,0,0,0
2022-11-20,君と空のあいだに,中島みゆき,J-POP,1994,0,0,0
2022-11-20,ゴーストルール,DECO*27 feat. 初音ミク,ボーカロイド,2016,0,0,0
2022-11-20,Mirrorcle World,浜崎あゆみ,J-POP,2008,0,0,0
2022-11-20,GLAMOROUS SKY,中島美嘉,J-POP,2005,0,0,0
2022-11-20,新時代,Ado,J-POP,2022,0,0,0
2022-11-20,RAIN,SEKAI NO OWARI,J-POP,2017,0,0,0
2022-11-20,トイレの神様,植村花菜,J-POP,2010,0,0,0
2022-12-02,千の夜をこえて,Aqua Timez,J-POP,2006,0,0,0
2022-12-02,抱いてセニョリータ,山下智久,男性アイドル,2006,0,0,0
2022-12-02,Dragon Night,SEKAI NO OWARI,J-POP,2014,0,0,0
2022-12-02,HANABI,Mr.Children,J-POP,2008,0,0,0
2022-12-02,そばにいるね,青山テルマ,J-POP,2008,0,0,0
2022-12-02,only my railgun,fripSide,アニメソング,2009,0,0,0
2022-12-02,いのちの名前,木村弓,J-POP,2001,0,0,0
2022-12-02,Imitation Rain,SixSTONES,男性アイドル,2020,0,0,0
2022-12-02,チョコレートメランコリー,≠ME,女性アイドル,2022,0,0,0
2022-12-02,手遅れcaution,＝LOVE,女性アイドル,2018,0,0,0
2022-12-02,愛、チュセヨ,SDN48,女性アイドル,2011,0,0,0
2022-12-02,制服のマネキン,乃木坂46,女性アイドル,2012,0,0,0
2022-12-02,炎,LiSA,アニメソング,2020,-5,-5,-5
2022-12-02,君の知らない物語,supercell,アニメソング,2009,0,0,0
2022-12-02,側にいて,阿部真央,J-POP,2011,0,0,0
2022-12-02,愛のうた,倖田來未,J-POP,2007,0,0,0
2022-12-02,雪の華,中島美嘉,J-POP,2003,-7,-7,-7
2022-12-02,プロローグ,Uru,J-POP,2018,-7,-7,-7
2022-12-02,R.I.P.,BUMP OF CHICKEN,J-POP,2009,0,0,0
2022-12-02,天使と悪夢,SEKAI NO OWARI,J-POP,2010,0,0,0
2022-12-02,楓,スピッツ,J-POP,1998,0,0,0
2022-12-02,明日の記憶,嵐,男性アイドル,2009,0,0,0
2022-12-02,ヒカリへ,miwa,J-POP,2012,0,0,0
2022-12-02,don't cry anymore,miwa,J-POP,2010,0,0,0
2022-12-27,Monster,嵐,男性アイドル,2010,0,0,0
2022-12-27,高嶺の花子さん,back number,J-POP,2013,0,0,0
2022-12-27,さよならエレジー,菅田将暉,J-POP,2013,0,0,0
2022-12-27,SUPER DELICATE,Hey! Say! JUMP,男性アイドル,2012,0,0,0
2022-12-27,Ultra Music Power,Hey! Say! JUMP,男性アイドル,2007,0,0,0
2022-12-27,会いたくて 会いたくて,西野カナ,J-POP,2010,0,0,0
2022-12-27,炎,LiSA,アニメソング,2020,-5,-5,-5
2022-12-27,猫,DISH//,J-POP,2017,0,0,0
2022-12-27,銀の龍の背に乗って,中島みゆき,J-POP,2003,0,0,0
2022-12-27,甲賀忍法帖,陰陽座,アニメソング,2005,0,0,0
2022-12-27,眠り姫,SEKAI NO OWARI,J-POP,2012,0,0,0
2022-12-27,HANABI,Mr.Children,J-POP,2008,0,0,0
2022-12-27,ラバソー ~lover soul~,柴咲コウ,J-POP,2009,0,0,0
2022-12-27,愛、チュセヨ,SDN48,女性アイドル,2011,0,0,0
2022-12-27,久しぶりのリップグロス,AKB48,女性アイドル,2022,0,0,0
2022-12-27,チョコレートメランコリー,≠ME,女性アイドル,2022,0,0,0
2022-12-27,手遅れcaution,＝LOVE,女性アイドル,2018,0,0,0
2022-12-27,てもでもの涙,AKB48,女性アイドル,2013,0,0,0
2022-12-28,甲賀忍法帖,陰陽座,アニメソング,2005,0,0,0
2022-12-28,もっと…,西野カナ,J-POP,2010,0,0,0
2022-12-28,東京テディベア,Neru,ボーカロイド,2015,0,0,0
2022-12-28,天ノ弱,164 feat. GUMI,ボーカロイド,2011,0,0,0
2022-12-28,ロストワンの号哭,Neru feat. 鏡音リン,ボーカロイド,2013,0,0,0
2022-12-28,ラピスラズリ,藍井エイル,アニメソング,2015,0,0,0
2022-12-28,久しぶりのリップグロス,AKB48,女性アイドル,2022,0,0,0
2022-12-28,UZA,AKB48,女性アイドル,2012,0,0,0
2022-12-28,Dear J,板野友美,女性アイドル,2014,0,0,0
2022-12-28,愛、チュセヨ,SDN48,女性アイドル,2011,0,0,0
2022-12-28,チョコレートメランコリー,≠ME,女性アイドル,2022,0,0,0
2022-12-28,ナギイチ,NMB48,女性アイドル,2012,0,0,0
2022-12-28,僕以外の誰か,NMB48,女性アイドル,2016,0,0,0
2022-12-28,あの子コンプレックス,＝LOVE,女性アイドル,2022,0,0,0
2022-12-28,手遅れcaution,＝LOVE,女性アイドル,2018,0,0,0
2022-12-28,三回目のデート神話,つばきファクトリー,女性アイドル,2019,0,0,0
2022-12-28,希望的リフレイン,AKB48,女性アイドル,2014,0,0,0
2022-12-28,大声ダイヤモンド,AKB48,女性アイドル,2008,0,0,0
2022-12-28,好きよ、純情反抗期。,スマイレージ,女性アイドル,2012,0,0,0
2022-12-28,さらば愛しき悲しみたちよ,ももいろクローバーZ,女性アイドル,2012,0,0,0
2022-12-28,Don't think. Feel!!!,アイドリング!!!,女性アイドル,2011,0,0,0
2023-01-22,大きな愛でもてなして,℃-ute,女性アイドル,2006,0,0,0
2023-01-22,気まぐれプリンセス,モーニング娘。,女性アイドル,2009,0,0,0
2023-01-22,夢幻クライマックス,℃-ute,女性アイドル,2016,0,0,0
2023-01-22,ああ、夜が明ける,Berryz工房,女性アイドル,2011,0,0,0
2023-01-22,ブレインストーミング,モーニング娘。,女性アイドル,2013,0,0,0
2023-01-22,One・Two・Three,モーニング娘。,女性アイドル,2012,0,0,0
2023-01-22,わがまま 気のまま 愛のジョーク,モーニング娘。,女性アイドル,2013,0,0,0
2023-01-22,Neo STARGATE,ももいろクローバーZ,女性アイドル,2013,0,0,0
2023-01-22,Help me!!,モーニング娘。,女性アイドル,2013,0,0,0
2023-01-22,悲しみトワイライト,モーニング娘。,女性アイドル,2007,0,0,0
2023-01-22,Fantasyが始まる,モーニング娘。,女性アイドル,2010,0,0,0
2023-01-22,アダムとイブのジレンマ,℃-ute,女性アイドル,2013,0,0,0
2023-01-22,恋愛レボリューション21,モーニング娘。,女性アイドル,2000,0,0,0
2023-01-22,ムキダシで向き合って,モーニング娘。,女性アイドル,2016,0,0,0
2023-01-22,シャボン玉,モーニング娘。,女性アイドル,2003,0,0,0
2023-01-22,私が言う前に抱きしめなきゃね,Juice=Juice,女性アイドル,2013,0,0,0
2023-01-22,愛して 愛して 後一分,モーニング娘。,女性アイドル,2014,0,0,0
2023-01-22,私の魅力に 気付かない鈍感な人,モーニング娘。（光井愛佳）,女性アイドル,2009,0,0,0
2023-01-22,私を創るのは私,アンジュルム,女性アイドル,2019,0,0,0
2023-01-22,「ひとりで生きられそう」って それってねえ、褒めているの？,Juice=Juice,女性アイドル,2019,0,0,0
2023-01-22,残響散歌,Aimer,アニメソング,2022,0,0,0
2023-01-22,竈門炭治郎のうた,椎名豪 featuring 中川奈美,アニメソング,2019,0,0,0
2023-01-22,Only you,モーニング娘。,女性アイドル,2011,0,0,0
2023-01-22,Give me 愛,モーニング娘。,女性アイドル,2011,0,0,0
2023-01-22,色っぽい じれったい,モーニング娘。,女性アイドル,2005,0,0,0
2023-01-22,THE マンパワー!!!,モーニング娘。,女性アイドル,2005,0,0,0
2023-01-22,SEXY BOY〜そよ風に寄り添って〜,モーニング娘。,女性アイドル,2007,0,0,0
2023-01-22,ピョコピョコ ウルトラ,モーニング娘。,女性アイドル,2012,0,0,0
2023-01-22,恋愛ハンター,モーニング娘。,女性アイドル,2012,0,0,0
2023-01-22,ウルフボーイ,モーニング娘。,女性アイドル,2013,0,0,0
2023-01-22,Moonlight night 〜月夜の晩だよ〜,モーニング娘。,女性アイドル,2010,0,0,0
2023-01-22,みかん,モーニング娘。,女性アイドル,2009,0,0,0
2023-01-22,リゾナント ブルー,モーニング娘。,女性アイドル,2009,0,0,0
2023-01-22,初恋サイダー,Buono!（鈴木愛理）,女性アイドル,2012,0,0,0
2023-01-22,会いたいロンリークリスマス,℃-ute,女性アイドル,2011,0,0,0
2023-01-22,時空を超え 宇宙を超え,モーニング娘。,女性アイドル,2014,0,0,0
2023-01-22,What is LOVE?,モーニング娘。,女性アイドル,2014,0,0,0
2023-01-22,愛ってもっと斬新,℃-ute,女性アイドル,2015,0,0,0
2023-01-22,大きい瞳,"亀井絵里・道重さゆみ・
田中れいな(モーニング娘。)",女性アイドル,2010,0,0,0
2023-01-22,悲しきヘブン,℃-ute,女性アイドル,2013,0,0,0
2023-01-22,好きよ、純情反抗期。,スマイレージ,女性アイドル,2012,0,0,0
2023-01-22,笑顔の君は太陽さ,モーニング娘。,女性アイドル,2014,0,0,0
2023-01-22,Password is 0,モーニング娘。,女性アイドル,2014,0,0,0
2023-01-22,君さえ居れば何も要らない,モーニング娘。,女性アイドル,2013,0,0,0
2023-01-22,DISTANCE,鈴木愛理,女性アイドル,2018,0,0,0
2023-01-22,Escape,鈴木愛理,女性アイドル,2019,0,0,0
2022-05-16,初心LOVE,なにわ男子,男性アイドル,2021,0,0,0
2022-05-16,マリーゴールド,あいみょん,J-POP,2018,0,0,0
2022-05-16,蕾,コブクロ,J-POP,2007,0,0,0
2022-05-16,初恋サイダー,Buono!（鈴木愛理）,女性アイドル,2012,0,0,0
2022-05-16,Luv Sick,Kis-My-Ft2,男性アイドル,2013,0,0,0
2022-05-16,さらば愛しき悲しみたちよ,ももいろクローバーZ,女性アイドル,2012,0,0,0
2022-05-16,I LOVE...,Official髭男dism,J-POP,2020,0,0,0
2022-05-16,宙船,TOKIO,男性アイドル,2006,0,0,0
2022-05-16,Lemon,米津玄師,J-POP,2018,0,0,0
2022-05-16,お願い！セニョリータ,ORANGE RANGE,J-POP,2005,0,0,0
2022-05-16,Cry Baby,Official髭男dism,J-POP,2021,0,0,0
2022-05-16,I LOVE YOU,クリス・ハート,J-POP,2014,0,0,0
2022-05-16,One Love,嵐,男性アイドル,2008,0,0,0
2022-05-16,空,GENERATIONS from EXILE TRIBE,男性アイドル,2017,0,0,0
2022-05-16,C.O.S.M.O.S. 〜秋桜〜,三代目 J Soul Brothers from EXILE TRIBE,男性アイドル,2014,0,0,0
2022-05-16,会いたくて 会いたくて,西野カナ,J-POP,2010,0,0,0
2022-05-16,ドライフラワー,優里,J-POP,2020,0,0,0
2022-05-16,スターライトパレード,SEKAI NO OWARI,J-POP,2011,0,0,0
2022-05-16,YUME日和,島谷ひとみ,J-POP,2003,0,0,0
2022-05-16,イエス,Acid Black Cherry,J-POP,2012,0,0,0
2022-05-16,愛してない,Acid Black Cherry,J-POP,2007,0,0,0
2022-05-16,さよならエレジー,菅田将暉,J-POP,2013,0,0,0
2022-05-16,RIVER,AKB48,女性アイドル,2009,0,0,0
2022-05-16,Real Face,KAT-TUN,男性アイドル,2006,0,0,0
2022-05-16,366日,HY,J-POP,2018,0,0,0
2022-05-16,Prisoner Of Love,宇多田ヒカル,J-POP,2008,0,0,0
2022-05-16,抱いてセニョリータ,山下智久,男性アイドル,2006,0,0,0
2022-05-16,Ultra Music Power,Hey! Say! JUMP,男性アイドル,2007,0,0,0
2022-05-16,粉雪,レミオロメン,J-POP,2005,0,0,0
2022-05-16,残響散歌,Aimer,アニメソング,2022,0,0,0
2022-05-16,群青,YOASOBI,J-POP,2020,0,0,0
2022-05-16,君じゃない誰かなんて ~tejina~,DEEP,J-POP,2011,0,0,0
2022-05-16,Imitation Rain,SixSTONES,男性アイドル,2020,0,0,0
2023-03-07,眠り姫,SEKAI NO OWARI,J-POP,2012,0,0,0
2023-03-07,One Love,嵐,男性アイドル,2008,0,0,0
2023-03-07,さよならエレジー,菅田将暉,J-POP,2013,0,0,0
2023-03-07,青春アミーゴ,修二と彰,男性アイドル,2005,0,0,0
2023-03-07,愛のかたまり,KinKi Kids,男性アイドル,2001,1,1,1
2023-03-07,抱いてセニョリータ,山下智久,男性アイドル,2006,0,0,0
2023-03-07,orion,米津玄師,J-POP,2017,0,0,0
2023-03-07,愛、チュセヨ,SDN48,女性アイドル,2011,0,0,0
2023-03-07,Everyday、カチューシャ,AKB48,女性アイドル,2011,0,0,0
2023-03-07,ギンガムチェック,AKB48,女性アイドル,2012,0,0,0
2023-03-07,RIVER,AKB48,女性アイドル,2009,0,0,0
2023-03-07,Beginner,AKB48,女性アイドル,2010,0,0,0
2023-03-07,さらば愛しき悲しみたちよ,ももいろクローバーZ,女性アイドル,2012,0,0,0
2023-03-07,チョコレートメランコリー,≠ME,女性アイドル,2022,0,0,0
2023-03-07,手遅れcaution,＝LOVE,女性アイドル,2018,0,0,0
2023-03-07,アダムとイブのジレンマ,℃-ute,女性アイドル,2013,0,0,0
2023-02-25,Monster,嵐,男性アイドル,2010,0,0,0
2023-02-25,Story,AI,J-POP,2005,0,0,0
2023-02-25,虹色の戦争,SEKAI NO OWARI,J-POP,2010,0,0,0
2023-02-25,瞳を閉じて,平井堅,J-POP,2004,0,0,0
2023-02-25,さよならエレジー,菅田将暉,J-POP,2013,0,0,0
2023-02-25,炎,LiSA,J-POP,2020,-5,-5,-5
2023-02-25,Cry Baby,Official髭男dism,J-POP,2021,0,0,0
2023-02-25,東京テディベア,Neru,ボーカロイド,2015,0,0,0
2023-02-25,心做し,蝶々P,ボーカロイド,2019,0,0,0
2023-02-25,雪の華,中島美嘉,J-POP,2003,-7,-7,-7
2023-02-25,好きだよ。～100回の後悔～,Sonar Pocket,J-POP,2011,0,0,0
2023-02-25,Lemon,米津玄師,J-POP,2018,0,0,0
2023-02-25,Over the rain～ひかりの橋,flumpool,J-POP,2008,0,0,0
2023-02-25,Imitation Rain,SixSTONES,男性アイドル,2020,0,0,0
2023-05-29,One Love,嵐,男性アイドル,2008,0,0,0
2023-05-29,Imitation Rain,SixSTONES,男性アイドル,2020,0,0,0
2023-05-29,君に届け,flumpool,J-POP,2010,0,0,0
2023-05-29,HANABI,Mr.Children,J-POP,2008,0,0,0
2023-05-29,東京テディベア,Neru,ボーカロイド,2015,0,0,0
2023-05-29,RPG,SEKAI NO OWARI,J-POP,2013,0,0,0
2023-05-29,千の夜をこえて,Aqua Timez,J-POP,2006,0,0,0
2023-05-29,どうしても君が好きだ,AKB48,女性アイドル,2023,0,0,0
2023-05-29,猛烈宇宙交響曲・第七楽章「無限の愛」,ももいろクローバーZ,女性アイドル,2012,0,0,0
2023-05-29,インフルエンサー,乃木坂46,女性アイドル,2017,0,0,0
2023-05-29,愛、チュセヨ,SDN48,女性アイドル,2011,0,0,0
2023-05-29,チャンスの順番,AKB48,女性アイドル,2010,0,0,0
2023-05-29,マイバラード,松井孝夫,合唱曲,1987,0,0,0
2023-05-29,旅立ちの日に,坂本浩美,合唱曲,1991,0,0,0
2023-05-29,街は光の中に,三浦真理,合唱曲,2004,0,0,0
2023-05-29,蕾,コブクロ,J-POP,2007,0,0,0
2023-05-29,アイドル,YOASOBI,アニメソング,2023,0,0,0
2023-05-29,オトナブルー,新しい学校のリーダーズ,J-POP,2020,0,0,0
2023-05-29,After LIKE,IVE,K-POP,2022,0,0,0
2023-05-29,糸,中島みゆき,J-POP,2001,0,0,0
2023-05-29,てもでもの涙,AKB48,女性アイドル,2013,0,0,0
2023-05-29,禁じられた2人,AKB48,女性アイドル,2007,0,0,0
2023-05-29,10年桜,AKB48,女性アイドル,2009,0,0,0
2023-05-29,RIVER,AKB48,女性アイドル,2009,0,0,0
2023-05-29,スカート、ひらり,AKB48,女性アイドル,2006,0,0,0
2023-05-29,ポニーテールとシュシュ,AKB48,女性アイドル,2010,0,0,0
2023-05-29,大声ダイヤモンド,AKB48,女性アイドル,2008,0,0,0
2023-05-29,桜の木になろう,AKB48,女性アイドル,2011,0,0,0
2023-05-29,希望的リフレイン,AKB48,女性アイドル,2014,0,0,0
2023-05-29,雪の華,中島美嘉,J-POP,2003,-7,-7,-7
2023-05-29,もう一度,Tani Yuuki,J-POP,2022,0,0,0
2023-05-29,炎,LiSA,J-POP,2020,-5,-5,-5
2023-05-29,竈門炭治郎のうた,椎名豪 featuring 中川奈美,アニメソング,2019,0,0,0
2023-05-29,I LOVE...,Official髭男dism,J-POP,2020,0,0,0
2023-05-29,運命のヒト,EXILE,男性アイドル,2004,0,0,0
2023-05-29,東京,JUJU,J-POP,2018,-4,-4,-4
2023-05-29,トイレの神様,植村花菜,J-POP,2010,0,0,0
2023-05-29,only my railgun,fripSide,アニメソング,2009,0,0,0
2023-07-28,Monster,嵐,男性アイドル,2010,0,0,0
2023-07-28,眠り姫,SEKAI NO OWARI,J-POP,2012,0,0,0
2023-07-28,I AM,IVE,K-POP,2023,0,0,0
2023-07-28,After LIKE,IVE,K-POP,2022,0,0,0
2023-07-28,only my railgun,fripSide,アニメソング,2009,0,0,0
2023-07-28,明日の記憶,嵐,男性アイドル,2009,0,0,0
2023-07-28,チャンスの順番,AKB48,女性アイドル,2010,0,0,0
2023-07-28,RIVER,AKB48,女性アイドル,2009,0,0,0
2023-07-28,チョコレートメランコリー,≠ME,女性アイドル,2022,0,0,0
2023-07-28,炎,LiSA,J-POP,2020,-5,-5,-5
2023-07-28,Z伝説 〜終わりなき革命〜,ももいろクローバーZ,女性アイドル,2011,0,0,0
2023-07-28,SEASONS,浜崎あゆみ,J-POP,2000,0,0,0
2023-07-28,いとしすぎてduet with Tiara,KG,J-POP,2010,0,0,0
2023-07-28,10年桜,AKB48,女性アイドル,2009,0,0,0
2023-07-28,Everyday、カチューシャ,AKB48,女性アイドル,2011,0,0,0
2023-10-19,さよならエレジー,菅田将暉,J-POP,2013,0,0,0
2023-10-19,マリーゴールド,あいみょん,J-POP,2018,0,0,0
2023-10-19,眠り姫,SEKAI NO OWARI,J-POP,2012,0,0,0
2023-10-19,世界に一つだけの花,SMAP,J-POP,2003,0,0,0
2023-10-19,高嶺の花子さん,back number,J-POP,2013,0,0,0
2023-10-19,青春アミーゴ,修二と彰,男性アイドル,2005,0,0,0
2023-10-19,猫,DISH//,J-POP,2017,0,0,0
2023-10-19,糸,中島みゆき,J-POP,2001,0,0,0
2023-10-19,愛のかたまり,KinKi Kids,男性アイドル,2001,1,1,1
2023-10-19,Monster,嵐,男性アイドル,2010,0,0,0
2023-10-19,会いたくて 会いたくて,西野カナ,J-POP,2010,0,0,0
2023-10-19,道,EXILE,男性アイドル,2007,0,0,0
2023-10-19,瞳を閉じて,平井堅,J-POP,2004,0,0,0
2023-10-19,怪獣の花唄,Vaundy,J-POP,2020,0,0,0
2023-10-19,さよならの前に,AAA,J-POP,2014,0,0,0
2023-10-19,千の夜をこえて,Aqua Timez,J-POP,2006,0,0,0
2023-10-19,空,GENERATIONS from EXILE TRIBE,男性アイドル,2017,0,0,0
2023-10-19,好きだよ。～100回の後悔～,Sonar Pocket,J-POP,2011,0,0,0
2023-10-19,プロローグ,Uru,J-POP,2018,-7,-7,-7
2023-10-19,粉雪,レミオロメン,J-POP,2005,0,0,0
2023-10-19,HANABI,Mr.Children,J-POP,2008,0,0,0
2023-10-19,Lemon,米津玄師,J-POP,2018,0,0,0
2023-10-19,もっと…,西野カナ,J-POP,2010,0,0,0
2023-10-19,行くぜっ!怪盗少女,ももいろクローバーZ,女性アイドル,2010,0,0,0
2023-10-19,Real Face,KAT-TUN,男性アイドル,2006,0,0,0
2023-10-19,I AM,IVE,K-POP,2023,0,0,0
2023-10-19,ツキヨミ,King & Prince,男性アイドル,2022,0,0,0
2023-10-19,真夜中のシャドーボーイ,Hey! Say! JUMP,男性アイドル,2008,0,0,0
2023-10-19,炎,LiSA,J-POP,2020,-5,-5,-5
2023-10-19,only my railgun,fripSide,アニメソング,2009,0,0,0
2023-10-19,君の知らない物語,supercell,アニメソング,2009,0,0,0
2023-10-19,心の中にきらめいて,橋本祥路,合唱曲,2006,0,0,0
2023-10-19,Believe,杉本竜一,合唱曲,1998,0,0,0
2023-10-19,マイバラード,松井孝夫,合唱曲,1987,0,0,0
2023-10-19,夢の世界を,橋本祥路,合唱曲,2006,0,0,0
2023-10-19,街は光の中に,三浦真理,合唱曲,2004,0,0,0
2023-10-19,HEIWAの鐘,仲里幸広,合唱曲,2000,0,0,0
2023-10-19,らいおんハート,SMAP,J-POP,2000,0,0,0
2023-10-19,君じゃない誰かなんて ~tejina~,DEEP,J-POP,2011,0,0,0
2023-10-19,366日,HY,J-POP,2018,0,0,0
2023-10-19,いのちの歌,竹内まりや,J-POP,2012,0,0,0
2023-10-19,ありがとうForever...,西内まりや,J-POP,2015,0,0,0
2023-12-13,眠り姫,SEKAI NO OWARI,J-POP,2012,0,0,0
2023-12-13,マリーゴールド,あいみょん,J-POP,2018,0,0,0
2023-12-13,RAIN,SEKAI NO OWARI,J-POP,2017,0,0,0
2023-12-13,道,EXILE,男性アイドル,2007,0,0,0
2023-12-13,瞳を閉じて,平井堅,J-POP,2004,0,0,0
2023-12-13,どんなときも。,槇原敬之,J-POP,1991,-1,-1,-1
2023-12-13,夜空。feat. ハジ→,miwa,J-POP,2015,0,0,0
2023-12-13,蕾,コブクロ,J-POP,2007,0,0,0
2023-12-13,炎,LiSA,J-POP,2020,-5,-5,-5
2023-12-13,truth,嵐,男性アイドル,2008,0,0,0
2023-12-13,3月9日,レミオロメン,J-POP,2015,0,0,0
2023-12-13,もう一度,Tani Yuuki,J-POP,2022,0,0,0
2023-12-13,Only Human,K,J-POP,2005,0,0,0
2023-12-13,ヘビーローテーション,AKB48,女性アイドル,2010,0,0,0
2023-12-13,ギンガムチェック,AKB48,女性アイドル,2012,0,0,0
2023-12-13,ハート型ウイルス,AKB48,女性アイドル,2011,0,0,0
2023-12-13,RIVER,AKB48,女性アイドル,2009,0,0,0
2023-12-13,I AM,IVE,K-POP,2023,0,0,0
2023-12-13,アイドル,YOASOBI,アニメソング,2023,0,0,0
2023-12-13,夢の世界を,橋本祥路,合唱曲,2006,0,0,0
2023-12-13,ライオン,May'n / 中島愛,アニメソング,2008,0,0,0
2023-12-13,only my railgun,fripSide,アニメソング,2009,0,0,0
2023-12-13,LEVEL5 -judgelight-,fripSide,アニメソング,2010,0,0,0
2023-12-13,街は光の中に,三浦真理,合唱曲,2004,0,0,0
2023-12-13,希望的リフレイン,AKB48,女性アイドル,2014,0,0,0
2023-12-13,Beginner,AKB48,女性アイドル,2010,0,0,0
2023-12-13,真夏のSounds good！,AKB48,女性アイドル,2012,0,0,0
2023-12-13,制服のマネキン,乃木坂46,女性アイドル,2012,0,0,0
2023-12-13,After LIKE,IVE,K-POP,2022,0,0,0
2023-12-13,HANABI,Mr.Children,J-POP,2008,0,0,0
2023-12-13,Imitation Rain,SixSTONES,男性アイドル,2020,0,0,0
2023-12-13,もっと…,西野カナ,J-POP,2010,0,0,0
2023-12-13,青いベンチ,サスケ,J-POP,2005,0,0,0
2023-12-13,太陽の下,レミオロメン,J-POP,2005,0,0,0
2023-12-13,magnet,Minato,ボーカロイド,2009,0,0,0
2023-12-13,君じゃない誰かなんて ~tejina~,DEEP,J-POP,2011,0,0,0
2023-12-13,初恋サイダー,Buono!（鈴木愛理）,女性アイドル,2012,0,0,0
2023-12-13,銀の龍の背に乗って,中島みゆき,J-POP,2003,0,0,0
2023-12-13,squall,福山雅治,J-POP,1999,0,0,0
2023-12-13,好きだよ。～100回の後悔～,Sonar Pocket,J-POP,2011,0,0,0
2023-12-13,トイレの神様,植村花菜,J-POP,2010,0,0,0
2023-12-13,旅立つ日～完全版,JULEPS,J-POP,2007,0,0,0
2023-12-13,ありがとうForever...,西内まりや,J-POP,2015,0,0,0
2023-12-13,unravel,凛として時雨,アニメソング,2014,0,0,0
2024-01-29,10年桜,AKB48,女性アイドル,2009,0,0,0
2024-01-29,&ME,ME:I,K-POP,2023,0,0,0
2024-01-29,I AM,IVE,K-POP,2023,0,0,0
2024-01-29,After LIKE,IVE,K-POP,2022,0,0,0
2024-01-29,LOVE DIVE,IVE,K-POP,2022,0,0,0
2024-01-29,WAVE,IVE,K-POP,2022,0,0,0
2024-01-29,LOVE DIVE,IVE,K-POP,2022,0,0,0
2024-01-29,「ひとりで生きられそう」って それってねえ、褒めているの？,Juice=Juice,女性アイドル,2019,0,0,0
2024-01-29,わがまま 気のまま 愛のジョーク,モーニング娘。,女性アイドル,2013,0,0,0
2024-01-29,恋愛ハンター,モーニング娘。,女性アイドル,2012,0,0,0
2024-06-23,One Love,嵐,男性アイドル,2008,0,0,0
2024-06-23,Monster,嵐,男性アイドル,2010,0,0,0
2024-06-23,マリーゴールド,あいみょん,J-POP,2018,0,0,0
2024-06-23,Moon Crying,倖田來未,J-POP,2008,0,0,0
2024-06-23,さよならの前に,AAA,J-POP,2014,0,0,0
2024-06-23,I LOVE...,Official髭男dism,J-POP,2020,0,0,0
2024-06-23,猫,DISH//,J-POP,2017,0,0,0
2024-06-23,Imitation Rain,SixSTONES,男性アイドル,2020,0,0,0
2024-06-23,HANABI,Mr.Children,J-POP,2008,0,0,0
2024-06-23,蕾,コブクロ,J-POP,2007,0,0,0
2024-06-23,only my railgun,fripSide,アニメソング,2009,0,0,0
2024-06-23,ロストワンの号哭,Neru feat. 鏡音リン,ボーカロイド,2013,0,0,0
2024-06-23,心做し,蝶々P,ボーカロイド,2019,0,0,0
2024-06-23,吉原ラメント,亜沙,ボーカロイド,2014,0,0,0
2024-06-23,レット・イット・ゴー～ありのままで～,松たか子,J-POP,2014,0,0,0
2024-06-23,GLAMOROUS SKY,中島美嘉,J-POP,2005,0,0,0
2024-06-23,Story,AI,J-POP,2005,0,0,0
2024-06-23,マイバラード,松井孝夫,合唱曲,1987,0,0,0
2024-06-23,Believe,杉本竜一,合唱曲,1998,0,0,0
2024-06-23,Everyday、カチューシャ,AKB48,女性アイドル,2011,0,0,0
2024-06-23,ポニーテールとシュシュ,AKB48,女性アイドル,2010,0,0,0
2024-06-23,愛、チュセヨ,SDN48,女性アイドル,2011,0,0,0
2024-06-23,最上級にかわいいの！,超ときめき♡宣伝部,女性アイドル,2024,0,0,0
2024-06-23,てもでもの涙,AKB48,女性アイドル,2013,0,0,0
2024-06-23,希望的リフレイン,AKB48,女性アイドル,2014,0,0,0
2024-06-23,RIVER,AKB48,女性アイドル,2009,0,0,0
2024-06-23,カラコンウインク,AKB48,女性アイドル,2024,0,0,0
2024-06-23,インフルエンサー,乃木坂46,女性アイドル,2017,0,0,0
2024-06-23,ナギイチ,NMB48,女性アイドル,2012,0,0,0
2024-06-23,猛烈宇宙交響曲・第七楽章「無限の愛」,ももいろクローバーZ,女性アイドル,2012,0,0,0
2024-06-23,さらば愛しき悲しみたちよ,ももいろクローバーZ,女性アイドル,2012,0,0,0
2024-06-23,Z伝説 〜終わりなき革命〜,ももいろクローバーZ,女性アイドル,2011,0,0,0
2024-06-23,瞳を閉じて,平井堅,J-POP,2004,0,0,0
2024-06-23,トイレの神様,植村花菜,J-POP,2010,0,0,0
2024-06-23,366日,HY,J-POP,2018,0,0,0
2024-06-23,竈門炭治郎のうた,椎名豪 featuring 中川奈美,アニメソング,2019,0,0,0
2024-06-23,炎,LiSA,アニメソング,2020,-5,-5,-5
2024-06-23,プロローグ,Uru,J-POP,2018,-7,-7,-7
2024-06-23,東京,JUJU,J-POP,2018,-4,-4,-4
2024-06-23,この空がトリガー,＝LOVE,女性アイドル,2023,0,0,0
2022-09-30,夢の世界を,橋本祥路,合唱曲,2006,0,0,0
2022-09-30,甲賀忍法帖,陰陽座,アニメソング,2005,0,0,0
2022-09-30,Mirrorcle World,浜崎あゆみ,J-POP,2008,0,0,0
2022-09-30,東京テディベア,Neru,ボーカロイド,2015,0,0,0
2022-09-30,吉原ラメント,亜沙,ボーカロイド,2014,0,0,0
2022-09-30,Love Forever,加藤ミリヤ・清水翔太,J-POP,2009,0,0,0
2022-09-30,紅蓮華,LiSA,アニメソング,2019,0,0,0
2022-09-30,unravel,凛として時雨,アニメソング,2014,0,0,0
2022-09-30,ロストワンの号哭,Neru feat. 鏡音リン,ボーカロイド,2013,0,0,0
2022-09-30,桃太郎,水曜日のカンパネラ,J-POP,2015,0,0,0
2022-09-30,マリーゴールド,あいみょん,J-POP,2018,0,0,0
2022-09-30,ライオン,May'n / 中島愛,アニメソング,2008,0,0,0
2022-09-30,旅立ちの日に,坂本浩美,合唱曲,1991,0,0,0
2022-09-30,心做し,蝶々P,ボーカロイド,2019,0,0,0
2022-09-30,残響散歌,Aimer,アニメソング,2022,0,0,0
2022-09-30,夜に駆ける,YOASOBI,J-POP,2019,0,0,0
2022-09-30,お手を拝借!もういっちょ!,下田美咲,J-POP,2013,0,0,0
2022-09-30,竈門炭治郎のうた,椎名豪 featuring 中川奈美,アニメソング,2019,0,0,0
2022-09-30,貴方解剖純愛歌～死ね～,あいみょん,J-POP,2015,0,0,0
2022-09-30,高嶺の花子さん,back number,J-POP,2013,0,0,0
2022-09-30,白日,King Gnu,J-POP,2019,0,0,0
2022-09-30,you,癒月,アニメソング,2006,0,0,0
2022-09-30,ひぐらしのなく頃に,島みやえい子,アニメソング,2006,0,0,0
2022-09-30,君に届け,flumpool,J-POP,2010,0,0,0
2022-09-30,真夜中のシャドーボーイ,Hey! Say! JUMP,男性アイドル,2008,0,0,0
2022-09-30,足りない,DUSTCELL,アニメソング,2022,0,0,0
2022-09-30,絆,亀梨和也,J-POP,2005,0,0,0
2022-09-30,青春アミーゴ,修二と彰,男性アイドル,2005,0,0,0
2022-09-30,トイレの神様,植村花菜,J-POP,2010,0,0,0
2024-08-10,道,EXILE,男性アイドル,2007,0,0,0
2024-08-10,青春アミーゴ,修二と彰,男性アイドル,2005,0,0,0
2024-08-10,366日,HY,J-POP,2018,0,0,0
2024-08-10,HANABI,Mr.Children,J-POP,2008,0,0,0
2024-08-10,栄光の架橋,ゆず,J-POP,2004,0,0,0
2024-08-10,Story,AI,J-POP,2005,0,0,0
2024-08-10,わたがし,back number,J-POP,2012,0,0,0
2024-08-10,I LOVE YOU,クリス・ハート,J-POP,2014,0,0,0
2024-08-10,home,クリス・ハート,J-POP,2013,0,0,0
2024-10-17,home,クリス・ハート,J-POP,2013,0,0,0
2024-10-17,運命のヒト,EXILE,男性アイドル,2004,0,0,0
2024-10-17,わたがし,back number,J-POP,2012,0,0,0
2024-10-17,I LOVE...,Official髭男dism,J-POP,2020,0,0,0
2024-10-17,366日,HY,J-POP,2018,0,0,0
2024-10-17,Story,AI,J-POP,2005,0,0,0
2024-10-17,蕾,コブクロ,J-POP,2007,0,0,0
2024-10-17,もう一度,Tani Yuuki,J-POP,2022,0,0,0
2024-10-17,チャンカパーナ,NEWS,男性アイドル,2012,0,0,0
2024-12-17,One Love,嵐,男性アイドル,2008,0,0,0
2024-12-17,勇気100%,光GENJI,男性アイドル,1993,0,0,0
2024-12-17,道,EXILE,男性アイドル,2007,0,0,0
2024-12-17,遥か,GReeeeN,J-POP,2009,0,0,0
2024-12-17,かわいいだけじゃだめですか,CUTIE STREET,女性アイドル,2024,0,0,0
2024-12-17,会いたくて 会いたくて,西野カナ,J-POP,2010,0,0,0
2024-12-17,Prisoner Of Love,宇多田ヒカル,J-POP,2008,0,0,0
2024-12-17,初恋サイダー,Buono!（鈴木愛理）,女性アイドル,2012,0,0,0
2024-12-17,シャボン玉,モーニング娘。,女性アイドル,2003,0,0,0
2024-12-17,愛のかたまり,KinKi Kids,男性アイドル,2001,1,1,1
2024-12-17,Imitation Rain,SixSTONES,男性アイドル,2020,0,0,0
2024-12-17,アイドル,YOASOBI,アニメソング,2023,0,0,0
2024-12-17,君の知らない物語,supercell,アニメソング,2009,0,0,0
2024-12-17,only my railgun,fripSide,アニメソング,2009,0,0,0
2024-12-17,カラコンウインク,AKB48,女性アイドル,2024,0,0,0
2024-12-17,RIVER,AKB48,女性アイドル,2009,0,0,0
2024-12-17,ハート型ウイルス,AKB48,女性アイドル,2011,0,0,0
2024-12-17,チームB推し,AKB48,女性アイドル,2011,0,0,0
2024-12-17,猛烈宇宙交響曲・第七楽章「無限の愛」,ももいろクローバーZ,女性アイドル,2012,0,0,0
2024-12-17,パレオはエメラルド,SKE48,女性アイドル,2011,0,0,0
2024-12-17,ポニーテールとシュシュ,AKB48,女性アイドル,2010,0,0,0
2024-12-17,Everyday、カチューシャ,AKB48,女性アイドル,2011,0,0,0
2024-12-17,禁断のカルマ,私立恵比寿中学,女性アイドル,2013,0,0,0
2024-12-17,僕のこと,Mrs. GREEN APPLE,J-POP,2019,0,0,0
2024-12-17,この空がトリガー,＝LOVE,女性アイドル,2023,0,0,0
2024-12-17,どんなときも。,槇原敬之,J-POP,1991,-1,-1,-1
2024-12-17,黄色,back number,J-POP,2021,0,0,0
2024-12-17,わたがし,back number,J-POP,2012,0,0,0
2024-12-17,桜の木になろう,AKB48,女性アイドル,2011,0,0,0
2024-12-17,I AM,IVE,K-POP,2023,0,0,0
2024-12-17,Ditto,New Jeans,K-POP,2022,0,0,0
2025-05-27,かわいいだけじゃだめですか,CUTIE STREET,女性アイドル,2024,0,0,0
2025-05-27,仮契約のシンデレラ,私立恵比寿中学,女性アイドル,2012,0,0,0
2025-05-27,最上級にかわいいの！,超ときめき♡宣伝部,女性アイドル,2024,0,0,0
2025-05-27,truth,嵐,男性アイドル,2008,0,0,0
2025-05-27,3月9日,レミオロメン,J-POP,2015,0,0,0
2025-05-27,The Answer,なにわ男子,男性アイドル,2022,0,0,0
2025-05-27,紅蓮の弓矢,Linked Horizon,アニメソング,2013,0,0,0
2025-05-27,千の風になって,秋川雅史,J-POP,2006,0,0,0
2025-05-27,うっせぇわ,Ado,J-POP,2020,0,0,0
2025-05-27,さらば愛しき悲しみたちよ,ももいろクローバーZ,女性アイドル,2012,0,0,0
2025-05-27,この空がトリガー,＝LOVE,女性アイドル,2023,6,6,6
2025-05-27,キセキ,GReeeeN,J-POP,2008,0,0,0
2025-05-27,初恋サイダー,Buono!（鈴木愛理）,女性アイドル,2012,0,0,0
2025-05-27,プロミスザスター,BiSH,J-POP,2017,0,0,0
2025-05-27,RIVER,AKB48,女性アイドル,2009,0,0,0
2025-05-27,ハート型ウイルス,AKB48,女性アイドル,2011,0,0,0
2025-05-27,ポニーテールとシュシュ,AKB48,女性アイドル,2010,0,0,0
2025-05-27,猛烈宇宙交響曲・第七楽章「無限の愛」,ももいろクローバーZ,女性アイドル,2012,0,0,0
2025-05-27,366日,HY,J-POP,2018,0,0,0
2025-05-27,君じゃない誰かなんて ~tejina~,DEEP,J-POP,2011,0,0,0
2025-06-11,猫,DISH//,J-POP,2017,0,0,0
2025-06-11,もっと…,西野カナ,J-POP,2010,0,0,0
2025-06-11,One Love,嵐,男性アイドル,2008,0,0,0
2025-06-11,Story,AI,J-POP,2005,0,0,0
2025-06-11,道,EXILE,男性アイドル,2007,0,0,0
2025-06-11,HANABI,Mr.Children,J-POP,2008,0,0,0
2025-07-08,怪獣の花唄,Vaundy,J-POP,2020,0,0,0
2025-07-08,かわいいだけじゃだめですか,CUTIE STREET,女性アイドル,2024,0,0,0
2025-07-08,とくべチュ、して/恋人以上、好き未満,＝LOVE,女性アイドル,2025,0,0,0
2025-07-08,I LOVE...,Official髭男dism,J-POP,2020,0,0,0
2025-07-08,RIVER,AKB48,女性アイドル,2009,0,0,0
2025-07-08,Imitation Rain,SixSTONES,男性アイドル,2020,0,0,0
2025-07-08,イエス,Acid Black Cherry,J-POP,2012,0,0,0
2025-07-08,愛してない,Acid Black Cherry,J-POP,2007,0,0,0
2025-07-08,涙そうそう,夏川りみ,J-POP,2001,0,0,0
2025-07-08,home,クリス・ハート,J-POP,2013,0,0,0
2025-07-08,I LOVE YOU,クリス・ハート,J-POP,2014,0,0,0
2025-07-08,only my railgun,fripSide,アニメソング,2009,0,0,0
2025-07-08,ナギイチ,NMB48,女性アイドル,2012,0,0,0
2025-07-08,パレオはエメラルド,SKE48,女性アイドル,2011,0,0,0
2025-07-08,さよならエレジー,菅田将暉,J-POP,2013,0,0,0
2025-07-08,わたがし,back number,J-POP,2012,0,0,0
2025-07-08,GLAMOROUS SKY,中島美嘉,J-POP,2005,0,0,0
2025-07-08,逢いたくていま,MISIA,J-POP,2009,-4,-4,-4
2025-07-08,いとしき日々よ,平井堅,J-POP,2011,0,0,0
2025-07-08,甲賀忍法帖,陰陽座,アニメソング,2005,0,0,0
2025-09-04,世界に一つだけの花,SMAP,J-POP,2003,0,0,0
2025-09-04,宙船,TOKIO,男性アイドル,2006,0,0,0
2025-09-04,truth,嵐,男性アイドル,2008,0,0,0
2025-09-04,もっと…,西野カナ,J-POP,2010,0,0,0
2025-09-04,君に会いたくなるから,西野カナ,J-POP,2009,0,0,0
2025-09-04,Imitation Rain,SixSTONES,男性アイドル,2020,0,0,0
2025-09-04,いとしすぎてduet with Tiara,KG,J-POP,2010,0,0,0
2025-09-04,炎,LiSA,J-POP,2020,-5,-5,-5
2025-09-04,残響散歌,Aimer,アニメソング,2022,0,0,0
2025-09-04,明け星,LiSA,アニメソング,2021,0,0,0
2025-09-04,only my railgun,fripSide,アニメソング,2009,0,0,0
2025-09-04,紅蓮の弓矢,Linked Horizon,アニメソング,2013,0,0,0
2025-09-04,home,クリス・ハート,J-POP,2013,0,0,0
2025-09-04,道,EXILE,男性アイドル,2007,0,0,0
2025-09-04,UZA,AKB48,女性アイドル,2012,0,0,0
2025-11-06,残酷な夜に輝け,LiSA,J-POP,2025,0,0,0
2025-11-06,革命道中,アイナ・ジ・エンド,アニメソング,2025,0,0,0
2025-11-06,盛れ!ミ・アモーレ,Juice=Juice,女性アイドル,2025,0,0,0
2025-11-06,ポニーテールとシュシュ,AKB48,女性アイドル,2010,0,0,0
2025-11-06,RIVER,AKB48,女性アイドル,2009,0,0,0
2025-11-06,Real Face,KAT-TUN,男性アイドル,2006,0,0,0
2025-11-06,怪獣の花唄,Vaundy,J-POP,2020,0,0,0
2025-11-06,もっと…,西野カナ,J-POP,2010,0,0,0
2025-11-06,明日がくるなら,JUJU,J-POP,2009,0,0,0
2025-11-06,負けない心,AAA,J-POP,2010,0,0,0
2025-11-06,明日への扉,I WISH,J-POP,2003,0,0,0
2025-11-06,Story,AI,J-POP,2005,0,0,0
2025-11-06,HANABI,Mr.Children,J-POP,2008,0,0,0
2025-11-08,糸,中島みゆき,J-POP,2001,0,0,0
2025-11-08,眠り姫,SEKAI NO OWARI,J-POP,2012,0,0,0
2025-11-08,道,EXILE,男性アイドル,2007,0,0,0
2025-11-08,うっせぇわ,Ado,J-POP,2020,0,0,0
2025-11-08,Imitation Rain,SixSTONES,男性アイドル,2020,0,0,0
2025-11-08,会いたくて 会いたくて,西野カナ,J-POP,2010,0,0,0
2025-11-08,Beginner,AKB48,女性アイドル,2010,0,0,0
2025-11-08,インフルエンサー,乃木坂46,女性アイドル,2017,0,0,0
2025-11-08,てもでもの涙,AKB48,女性アイドル,2013,0,0,0
2025-11-08,とくべチュ、して/恋人以上、好き未満,＝LOVE,女性アイドル,2025,0,0,0
2025-11-08,仮契約のシンデレラ,私立恵比寿中学,女性アイドル,2012,0,0,0
2025-11-08,かわいいだけじゃだめですか,CUTIE STREET,女性アイドル,2024,0,0,0
2025-11-08,かわいいさがしてくれますか？,CUTIE STREET,女性アイドル,2024,0,0,0
2025-11-08,最上級にかわいいの！,超ときめき♡宣伝部,女性アイドル,2024,0,0,0
2025-11-08,残酷な夜に輝け,LiSA,アニメソング,2025,0,0,0
2025-11-08,太陽が昇らない世界,Aimer,アニメソング,2025,0,0,0
2025-11-08,革命道中,アイナ・ジ・エンド,アニメソング,2025,0,0,0
2025-11-08,ライオン,May'n / 中島愛,アニメソング,2008,0,0,0
2025-11-08,God knows...,涼宮ハルヒ/平野綾,アニメソング,2009,0,0,0
2025-11-08,only my railgun,fripSide,アニメソング,2009,0,0,0
2025-11-08,unravel,凛として時雨,アニメソング,2014,0,0,0
2026-02-20,Lemon,米津玄師,J-POP,2018,0,0,0
2026-02-20,初恋サイダー,Buono!（鈴木愛理）,女性アイドル,2012,0,0,0
2026-02-20,盛れ!ミ・アモーレ,Juice=Juice,女性アイドル,2025,0,0,0
2026-02-20,「ひとりで生きられそう」って それってねえ、褒めているの？,Juice=Juice,女性アイドル,2019,0,0,0
2026-02-20,Kiss me 愛してる,℃-ute,女性アイドル,2011,0,0,0
2026-02-20,わがまま 気のまま 愛のジョーク,モーニング娘。,女性アイドル,2013,0,0,0
2026-02-20,好きすぎて滅！,M!LK,男性アイドル,2026,0,0,0
2026-04-14,好きすぎて滅！,M!LK,男性アイドル,2026,0,0,0
2026-04-14,Believe,嵐,男性アイドル,2009,0,0,0
2026-04-14,もっと…,西野カナ,J-POP,2010,0,0,0
2026-04-14,ヒカリへ,miwa,J-POP,2012,0,0,0
2026-04-14,逢いたくていま,MISIA,J-POP,2009,-4,-4,-4
2026-04-14,初恋サイダー,Buono!（鈴木愛理）,女性アイドル,2012,0,0,0
2026-04-14,盛れ!ミ・アモーレ,Juice=Juice,女性アイドル,2025,0,0,0
2026-04-14,劇薬中毒,＝LOVE,女性アイドル,2026,0,0,0
2026-04-14,LIP,KAT-TUN,男性アイドル,2008,0,0,0
2026-04-14,God knows...,涼宮ハルヒ/平野綾,アニメソング,2009,0,0,0
2026-04-14,甲賀忍法帖,陰陽座,アニメソング,2005,0,0,0
2026-04-14,紅蓮の弓矢,Linked Horizon,アニメソング,2013,0,0,0
2026-04-14,ライオン,May'n / 中島愛,アニメソング,2008,0,0,0
2026-04-14,unravel,凛として時雨,アニメソング,2014,0,0,0
2026-04-14,only my railgun,fripSide,アニメソング,2009,0,0,0
2026-04-14,LEVEL5 -judgelight-,fripSide,アニメソング,2010,0,0,0
2026-04-14,桜の木になろう,AKB48,女性アイドル,2011,0,0,0
